trial,experiment,diff_bits,total_bits,diff_bytes,total_bytes,diff_sum_bytes,bit_avalanche_percent,bit_npcr_percent,byte_npcr_percent,byte_uaci_percent,key_a,key_b,key_diff_bit_percent
1,Bit_Perturbation,54,512,24,64,1217,10.546875,10.546875,37.5,7.457107843137255,,,
2,Bit_Perturbation,103,512,31,64,2062,20.1171875,20.1171875,48.4375,12.634803921568627,,,
3,Bit_Perturbation,100,512,31,64,2363,19.53125,19.53125,48.4375,14.479166666666668,,,
4,Bit_Perturbation,79,512,28,64,1649,15.4296875,15.4296875,43.75,10.104166666666666,,,
5,Bit_Perturbation,93,512,27,64,2361,18.1640625,18.1640625,42.1875,14.466911764705884,,,
6,Bit_Perturbation,98,512,29,64,2371,19.140625,19.140625,45.3125,14.528186274509805,,,
7,Bit_Perturbation,109,512,31,64,2784,21.2890625,21.2890625,48.4375,17.058823529411764,,,
8,Bit_Perturbation,99,512,28,64,2338,19.3359375,19.3359375,43.75,14.325980392156861,,,
9,Bit_Perturbation,113,512,31,64,2282,22.0703125,22.0703125,48.4375,13.982843137254902,,,
10,Bit_Perturbation,99,512,29,64,2236,19.3359375,19.3359375,45.3125,13.700980392156865,,,
11,Bit_Perturbation,105,512,30,64,1919,20.5078125,20.5078125,46.875,11.758578431372548,,,
12,Bit_Perturbation,89,512,25,64,2200,17.3828125,17.3828125,39.0625,13.480392156862745,,,
13,Bit_Perturbation,84,512,28,64,1874,16.40625,16.40625,43.75,11.482843137254902,,,
14,Bit_Perturbation,87,512,27,64,2048,16.9921875,16.9921875,42.1875,12.549019607843137,,,
15,Bit_Perturbation,118,512,32,64,2529,23.046875,23.046875,50.0,15.496323529411764,,,
16,Bit_Perturbation,108,512,31,64,2498,21.09375,21.09375,48.4375,15.30637254901961,,,
17,Bit_Perturbation,80,512,27,64,1594,15.625,15.625,42.1875,9.767156862745098,,,
18,Bit_Perturbation,102,512,31,64,1909,19.921875,19.921875,48.4375,11.697303921568627,,,
19,Bit_Perturbation,90,512,30,64,1727,17.578125,17.578125,46.875,10.582107843137255,,,
20,Bit_Perturbation,53,512,21,64,941,10.3515625,10.3515625,32.8125,5.76593137254902,,,
21,Bit_Perturbation,114,512,31,64,2579,22.265625,22.265625,48.4375,15.802696078431373,,,
22,Bit_Perturbation,88,512,29,64,2328,17.1875,17.1875,45.3125,14.26470588235294,,,
23,Bit_Perturbation,88,512,28,64,2459,17.1875,17.1875,43.75,15.067401960784313,,,
24,Bit_Perturbation,73,512,26,64,2044,14.2578125,14.2578125,40.625,12.524509803921568,,,
25,Bit_Perturbation,80,512,25,64,1851,15.625,15.625,39.0625,11.341911764705882,,,
26,Bit_Perturbation,82,512,30,64,1959,16.015625,16.015625,46.875,12.003676470588236,,,
27,Bit_Perturbation,77,512,27,64,1659,15.0390625,15.0390625,42.1875,10.165441176470589,,,
28,Bit_Perturbation,94,512,29,64,2544,18.359375,18.359375,45.3125,15.588235294117647,,,
29,Bit_Perturbation,124,512,31,64,3046,24.21875,24.21875,48.4375,18.66421568627451,,,
30,Bit_Perturbation,79,512,26,64,1832,15.4296875,15.4296875,40.625,11.225490196078432,,,
31,Bit_Perturbation,97,512,30,64,2655,18.9453125,18.9453125,46.875,16.268382352941178,,,
32,Bit_Perturbation,66,512,24,64,1747,12.890625,12.890625,37.5,10.704656862745097,,,
33,Bit_Perturbation,114,512,30,64,2506,22.265625,22.265625,46.875,15.355392156862745,,,
34,Bit_Perturbation,90,512,28,64,1977,17.578125,17.578125,43.75,12.113970588235293,,,
35,Bit_Perturbation,90,512,26,64,2074,17.578125,17.578125,40.625,12.708333333333332,,,
36,Bit_Perturbation,83,512,26,64,1804,16.2109375,16.2109375,40.625,11.05392156862745,,,
37,Bit_Perturbation,94,512,29,64,2108,18.359375,18.359375,45.3125,12.916666666666668,,,
38,Bit_Perturbation,108,512,29,64,1882,21.09375,21.09375,45.3125,11.53186274509804,,,
39,Bit_Perturbation,78,512,29,64,1644,15.234375,15.234375,45.3125,10.073529411764707,,,
40,Bit_Perturbation,82,512,25,64,1974,16.015625,16.015625,39.0625,12.095588235294118,,,
41,Bit_Perturbation,117,512,28,64,2872,22.8515625,22.8515625,43.75,17.598039215686274,,,
42,Bit_Perturbation,68,512,24,64,1627,13.28125,13.28125,37.5,9.96936274509804,,,
43,Bit_Perturbation,83,512,26,64,1482,16.2109375,16.2109375,40.625,9.080882352941176,,,
44,Bit_Perturbation,82,512,27,64,2012,16.015625,16.015625,42.1875,12.32843137254902,,,
45,Bit_Perturbation,82,512,26,64,1576,16.015625,16.015625,40.625,9.65686274509804,,,
46,Bit_Perturbation,108,512,29,64,2055,21.09375,21.09375,45.3125,12.591911764705882,,,
47,Bit_Perturbation,105,512,30,64,2425,20.5078125,20.5078125,46.875,14.85906862745098,,,
48,Bit_Perturbation,79,512,24,64,1279,15.4296875,15.4296875,37.5,7.8370098039215685,,,
49,Bit_Perturbation,96,512,26,64,2893,18.75,18.75,40.625,17.72671568627451,,,
50,Bit_Perturbation,79,512,27,64,1875,15.4296875,15.4296875,42.1875,11.488970588235293,,,
51,Bit_Perturbation,111,512,30,64,2389,21.6796875,21.6796875,46.875,14.638480392156863,,,
52,Bit_Perturbation,94,512,28,64,1909,18.359375,18.359375,43.75,11.697303921568627,,,
53,Bit_Perturbation,98,512,31,64,2453,19.140625,19.140625,48.4375,15.03063725490196,,,
54,Bit_Perturbation,103,512,31,64,2540,20.1171875,20.1171875,48.4375,15.563725490196079,,,
55,Bit_Perturbation,105,512,30,64,2586,20.5078125,20.5078125,46.875,15.845588235294116,,,
56,Bit_Perturbation,103,512,31,64,2653,20.1171875,20.1171875,48.4375,16.256127450980394,,,
57,Bit_Perturbation,58,512,24,64,1194,11.328125,11.328125,37.5,7.3161764705882355,,,
58,Bit_Perturbation,83,512,28,64,1417,16.2109375,16.2109375,43.75,8.682598039215685,,,
59,Bit_Perturbation,86,512,29,64,1979,16.796875,16.796875,45.3125,12.126225490196079,,,
60,Bit_Perturbation,64,512,22,64,1622,12.5,12.5,34.375,9.938725490196077,,,
61,Bit_Perturbation,99,512,30,64,2053,19.3359375,19.3359375,46.875,12.579656862745098,,,
62,Bit_Perturbation,92,512,26,64,2029,17.96875,17.96875,40.625,12.432598039215687,,,
63,Bit_Perturbation,58,512,26,64,1203,11.328125,11.328125,40.625,7.3713235294117645,,,
64,Bit_Perturbation,85,512,30,64,1582,16.6015625,16.6015625,46.875,9.693627450980392,,,
65,Bit_Perturbation,93,512,27,64,1896,18.1640625,18.1640625,42.1875,11.617647058823529,,,
66,Bit_Perturbation,104,512,32,64,2163,20.3125,20.3125,50.0,13.253676470588236,,,
67,Bit_Perturbation,99,512,31,64,2253,19.3359375,19.3359375,48.4375,13.80514705882353,,,
68,Bit_Perturbation,86,512,28,64,2052,16.796875,16.796875,43.75,12.573529411764707,,,
69,Bit_Perturbation,128,512,31,64,2884,25.0,25.0,48.4375,17.67156862745098,,,
70,Bit_Perturbation,75,512,23,64,2111,14.6484375,14.6484375,35.9375,12.935049019607844,,,
71,Bit_Perturbation,94,512,30,64,2216,18.359375,18.359375,46.875,13.57843137254902,,,
72,Bit_Perturbation,71,512,24,64,1862,13.8671875,13.8671875,37.5,11.409313725490195,,,
73,Bit_Perturbation,90,512,27,64,2092,17.578125,17.578125,42.1875,12.81862745098039,,,
74,Bit_Perturbation,94,512,31,64,1922,18.359375,18.359375,48.4375,11.776960784313726,,,
75,Bit_Perturbation,97,512,29,64,2229,18.9453125,18.9453125,45.3125,13.658088235294116,,,
76,Bit_Perturbation,82,512,27,64,1551,16.015625,16.015625,42.1875,9.503676470588236,,,
77,Bit_Perturbation,120,512,32,64,2965,23.4375,23.4375,50.0,18.167892156862745,,,
78,Bit_Perturbation,75,512,27,64,1702,14.6484375,14.6484375,42.1875,10.428921568627452,,,
79,Bit_Perturbation,103,512,29,64,2779,20.1171875,20.1171875,45.3125,17.028186274509803,,,
80,Bit_Perturbation,113,512,32,64,2511,22.0703125,22.0703125,50.0,15.386029411764707,,,
81,Bit_Perturbation,98,512,28,64,1788,19.140625,19.140625,43.75,10.955882352941176,,,
82,Bit_Perturbation,74,512,23,64,2294,14.453125,14.453125,35.9375,14.056372549019608,,,
83,Bit_Perturbation,69,512,27,64,1531,13.4765625,13.4765625,42.1875,9.381127450980392,,,
84,Bit_Perturbation,98,512,31,64,2007,19.140625,19.140625,48.4375,12.297794117647058,,,
85,Bit_Perturbation,103,512,31,64,2603,20.1171875,20.1171875,48.4375,15.949754901960784,,,
86,Bit_Perturbation,91,512,28,64,2434,17.7734375,17.7734375,43.75,14.91421568627451,,,
87,Bit_Perturbation,93,512,29,64,1336,18.1640625,18.1640625,45.3125,8.186274509803921,,,
88,Bit_Perturbation,79,512,26,64,1588,15.4296875,15.4296875,40.625,9.730392156862745,,,
89,Bit_Perturbation,69,512,24,64,1745,13.4765625,13.4765625,37.5,10.692401960784313,,,
90,Bit_Perturbation,102,512,32,64,2184,19.921875,19.921875,50.0,13.382352941176471,,,
91,Bit_Perturbation,66,512,26,64,1154,12.890625,12.890625,40.625,7.071078431372549,,,
92,Bit_Perturbation,92,512,29,64,2448,17.96875,17.96875,45.3125,15.0,,,
93,Bit_Perturbation,92,512,27,64,1612,17.96875,17.96875,42.1875,9.877450980392156,,,
94,Bit_Perturbation,112,512,32,64,2848,21.875,21.875,50.0,17.45098039215686,,,
95,Bit_Perturbation,108,512,31,64,2654,21.09375,21.09375,48.4375,16.262254901960784,,,
96,Bit_Perturbation,90,512,30,64,2092,17.578125,17.578125,46.875,12.81862745098039,,,
97,Bit_Perturbation,50,512,17,64,1054,9.765625,9.765625,26.5625,6.458333333333334,,,
98,Bit_Perturbation,87,512,29,64,2524,16.9921875,16.9921875,45.3125,15.465686274509805,,,
99,Bit_Perturbation,111,512,32,64,2167,21.6796875,21.6796875,50.0,13.278186274509803,,,
100,Bit_Perturbation,91,512,26,64,2307,17.7734375,17.7734375,40.625,14.136029411764707,,,
1,Key_Sensitivity,254,512,,,,,,,,DoctorSecretPass_0_KeyA,DoctorSecretPass_0_Key@,49.609375
2,Key_Sensitivity,238,512,,,,,,,,DoctorSecretPass_1_KeyA,DoctorSecretPass_1_Key@,46.484375
3,Key_Sensitivity,248,512,,,,,,,,DoctorSecretPass_2_KeyA,DoctorSecretPass_2_Key@,48.4375
4,Key_Sensitivity,272,512,,,,,,,,DoctorSecretPass_3_KeyA,DoctorSecretPass_3_Key@,53.125
5,Key_Sensitivity,266,512,,,,,,,,DoctorSecretPass_4_KeyA,DoctorSecretPass_4_Key@,51.953125
6,Key_Sensitivity,236,512,,,,,,,,DoctorSecretPass_5_KeyA,DoctorSecretPass_5_Key@,46.09375
7,Key_Sensitivity,232,512,,,,,,,,DoctorSecretPass_6_KeyA,DoctorSecretPass_6_Key@,45.3125
8,Key_Sensitivity,234,512,,,,,,,,DoctorSecretPass_7_KeyA,DoctorSecretPass_7_Key@,45.703125
9,Key_Sensitivity,256,512,,,,,,,,DoctorSecretPass_8_KeyA,DoctorSecretPass_8_Key@,50.0
10,Key_Sensitivity,264,512,,,,,,,,DoctorSecretPass_9_KeyA,DoctorSecretPass_9_Key@,51.5625
11,Key_Sensitivity,252,512,,,,,,,,DoctorSecretPass_10_KeyA,DoctorSecretPass_10_Key@,49.21875
12,Key_Sensitivity,246,512,,,,,,,,DoctorSecretPass_11_KeyA,DoctorSecretPass_11_Key@,48.046875
13,Key_Sensitivity,238,512,,,,,,,,DoctorSecretPass_12_KeyA,DoctorSecretPass_12_Key@,46.484375
14,Key_Sensitivity,248,512,,,,,,,,DoctorSecretPass_13_KeyA,DoctorSecretPass_13_Key@,48.4375
15,Key_Sensitivity,258,512,,,,,,,,DoctorSecretPass_14_KeyA,DoctorSecretPass_14_Key@,50.390625
16,Key_Sensitivity,276,512,,,,,,,,DoctorSecretPass_15_KeyA,DoctorSecretPass_15_Key@,53.90625
17,Key_Sensitivity,258,512,,,,,,,,DoctorSecretPass_16_KeyA,DoctorSecretPass_16_Key@,50.390625
18,Key_Sensitivity,248,512,,,,,,,,DoctorSecretPass_17_KeyA,DoctorSecretPass_17_Key@,48.4375
19,Key_Sensitivity,260,512,,,,,,,,DoctorSecretPass_18_KeyA,DoctorSecretPass_18_Key@,50.78125
20,Key_Sensitivity,250,512,,,,,,,,DoctorSecretPass_19_KeyA,DoctorSecretPass_19_Key@,48.828125
21,Key_Sensitivity,250,512,,,,,,,,DoctorSecretPass_20_KeyA,DoctorSecretPass_20_Key@,48.828125
22,Key_Sensitivity,250,512,,,,,,,,DoctorSecretPass_21_KeyA,DoctorSecretPass_21_Key@,48.828125
23,Key_Sensitivity,248,512,,,,,,,,DoctorSecretPass_22_KeyA,DoctorSecretPass_22_Key@,48.4375
24,Key_Sensitivity,270,512,,,,,,,,DoctorSecretPass_23_KeyA,DoctorSecretPass_23_Key@,52.734375
25,Key_Sensitivity,258,512,,,,,,,,DoctorSecretPass_24_KeyA,DoctorSecretPass_24_Key@,50.390625
26,Key_Sensitivity,258,512,,,,,,,,DoctorSecretPass_25_KeyA,DoctorSecretPass_25_Key@,50.390625
27,Key_Sensitivity,268,512,,,,,,,,DoctorSecretPass_26_KeyA,DoctorSecretPass_26_Key@,52.34375
28,Key_Sensitivity,264,512,,,,,,,,DoctorSecretPass_27_KeyA,DoctorSecretPass_27_Key@,51.5625
29,Key_Sensitivity,290,512,,,,,,,,DoctorSecretPass_28_KeyA,DoctorSecretPass_28_Key@,56.640625
30,Key_Sensitivity,248,512,,,,,,,,DoctorSecretPass_29_KeyA,DoctorSecretPass_29_Key@,48.4375
31,Key_Sensitivity,250,512,,,,,,,,DoctorSecretPass_30_KeyA,DoctorSecretPass_30_Key@,48.828125
32,Key_Sensitivity,250,512,,,,,,,,DoctorSecretPass_31_KeyA,DoctorSecretPass_31_Key@,48.828125
33,Key_Sensitivity,282,512,,,,,,,,DoctorSecretPass_32_KeyA,DoctorSecretPass_32_Key@,55.078125
34,Key_Sensitivity,234,512,,,,,,,,DoctorSecretPass_33_KeyA,DoctorSecretPass_33_Key@,45.703125
35,Key_Sensitivity,270,512,,,,,,,,DoctorSecretPass_34_KeyA,DoctorSecretPass_34_Key@,52.734375
36,Key_Sensitivity,246,512,,,,,,,,DoctorSecretPass_35_KeyA,DoctorSecretPass_35_Key@,48.046875
37,Key_Sensitivity,284,512,,,,,,,,DoctorSecretPass_36_KeyA,DoctorSecretPass_36_Key@,55.46875
38,Key_Sensitivity,248,512,,,,,,,,DoctorSecretPass_37_KeyA,DoctorSecretPass_37_Key@,48.4375
39,Key_Sensitivity,268,512,,,,,,,,DoctorSecretPass_38_KeyA,DoctorSecretPass_38_Key@,52.34375
40,Key_Sensitivity,248,512,,,,,,,,DoctorSecretPass_39_KeyA,DoctorSecretPass_39_Key@,48.4375
41,Key_Sensitivity,268,512,,,,,,,,DoctorSecretPass_40_KeyA,DoctorSecretPass_40_Key@,52.34375
42,Key_Sensitivity,250,512,,,,,,,,DoctorSecretPass_41_KeyA,DoctorSecretPass_41_Key@,48.828125
43,Key_Sensitivity,236,512,,,,,,,,DoctorSecretPass_42_KeyA,DoctorSecretPass_42_Key@,46.09375
44,Key_Sensitivity,234,512,,,,,,,,DoctorSecretPass_43_KeyA,DoctorSecretPass_43_Key@,45.703125
45,Key_Sensitivity,260,512,,,,,,,,DoctorSecretPass_44_KeyA,DoctorSecretPass_44_Key@,50.78125
46,Key_Sensitivity,278,512,,,,,,,,DoctorSecretPass_45_KeyA,DoctorSecretPass_45_Key@,54.296875
47,Key_Sensitivity,276,512,,,,,,,,DoctorSecretPass_46_KeyA,DoctorSecretPass_46_Key@,53.90625
48,Key_Sensitivity,270,512,,,,,,,,DoctorSecretPass_47_KeyA,DoctorSecretPass_47_Key@,52.734375
49,Key_Sensitivity,266,512,,,,,,,,DoctorSecretPass_48_KeyA,DoctorSecretPass_48_Key@,51.953125
50,Key_Sensitivity,298,512,,,,,,,,DoctorSecretPass_49_KeyA,DoctorSecretPass_49_Key@,58.203125
