"paper_location","current_paper_claim","actual_implementation","status","required_action"
"title (ieee_paper.tex)","KDR-CA-AEAD (Keyed Dynamically-Reconfigured CA with AEAD)","SHA-512 + 256-Bit Block Reversible 2x2 Margolus CA Cryptosystem","OBSOLETE","Update title to reflect SHA-512 and 256-bit reversible 2x2 Margolus CA block cipher"
"abstract.tex","HKDF-SHA256, HMAC-SHA256, Wolfram 8-bit rules, 13.37 MB/s, SAC 50.12%","SHA-512 K256, 10-round Candidate C 2x2 Margolus CA, (2,2) shift, 256-bit block, loss-less reversible","OBSOLETE","Rewrite abstract to reflect final 10-round Candidate C architecture and measured metrics"
"introduction.tex","1D Elementary CA, Wolfram 8-bit rules (delta=13), HKDF-SHA256 key derivation","2D 16x16 matrix, 4-bit bijective local rule, standard/shifted Margolus partitions, SHA-512 K256","OBSOLETE","Update introduction and contributions to align with 256-bit block CA architecture"
"methodology.tex (Sec III-A)","HKDF-SHA256 sub-key derivation pipeline (PRK, Kr, Kc, Ka)","SHA-512(password) -> first 256 bits = K256","OBSOLETE","Replace HKDF equations with SHA-512 K256 key derivation"
"methodology.tex (Sec III-B)","1D ECA evaluation using Wolfram 8-bit rules R1, R2 and delta=13 offset","2D 16x16 binary matrix evaluation using 4-bit bijective rule","OBSOLETE","Replace 1D ECA equations with 2D 16x16 matrix 4-bit local rule transitions"
"methodology.tex (Sec III-C)","Candidate A-Chain state permutation with inter-byte chaining and ROTR_8","10-round Candidate C pipeline: alternating Margolus partitions + circular shift (2,2)","OBSOLETE","Replace Candidate A-Chain equations with 10-round Candidate C forward pipeline"
"methodology.tex (Sec III-D)","Reversible inverse byte permutation using ROTL_8 and modulo subtraction","10-round Candidate C inverse pipeline: shift (2,2) UP/LEFT + inverse Margolus partitions","OBSOLETE","Replace byte inverse equations with 10-round Candidate C inverse pipeline"
"architecture.tex (Sec IV-A)","5-layer KDR-CA-AEAD subsystem architecture","SHA-512 + 32-bit length header + 256-bit framing + 10-round Candidate C CA + K256 XOR","OBSOLETE","Update system architecture description and subsystem components"
"architecture.tex (Alg 1 & 2)","Algorithms 1 & 2 using EncryptedPackage, HKDF, HMAC CTR keystream, AEAD tag","Encryption and Decryption functions using 10-round CA transform and K256 XOR","OBSOLETE","Replace Algorithms 1 & 2 with Candidate C 10-round encryption/decryption pseudo-code"
"security_analysis.tex (Sec V-A)","NIST SP 800-22 tests, Monobit p=0.5210, Runs p=0.4890, Chi-Square=248.50","Step 13/14 Candidate C metrics: Avalanche=32.00%, Byte NPCR=84.62%, Byte UACI=22.83% at R=10","OBSOLETE","Replace old NIST randomness values with Candidate C round-count diffusion metrics"
"security_analysis.tex (Sec V-B)","Shannon Entropy = 7.998 bits/byte across 1D stream payload","Bit avalanche (32.00%), Byte NPCR (84.62%), Byte UACI (22.83%) for 256-bit blocks","OBSOLETE","Update entropy and diffusion analysis for 256-bit Candidate C blocks"
"security_analysis.tex (Sec V-C)","SAC Plaintext = 50.12%, Key SAC = 49.88% for 1D stream cipher","Candidate C Bit Avalanche = 32.00% (81.92 bits changed out of 256) at R=10","OBSOLETE","Update SAC/avalanche section with empirical R=10 Candidate C values"
"security_analysis.tex (Sec V-D)","Pearson correlation r = 0.0018","Exact loss-less block reversibility (100/100 blocks) and plaintext diffusion","NEEDS UPDATE","Update correlation and diffusion analysis for 256-bit block cipher"
"security_analysis.tex (Table I)","Master security summary table with old KDR-CA-AEAD values","Step 13 round-count results table (R=2, 4, 6, 8, 10)","OBSOLETE","Replace Table I with Step 13 round-count empirical results table"
"benchmarks.tex (Sec VI-A)","64B to 1MB stream benchmarks, sustained throughput 13.37 MB/s","Block encryption latency: 1.899 ms/block at R=10","OBSOLETE","Replace stream benchmarks with block execution latency and round-count scaling"
"benchmarks.tex (Table II)","Performance summary table (13.37 MB/s at 1MB)","Step 13 candidate C block latency table across R=2..10","OBSOLETE","Replace Table II with Candidate C round-count execution latency table"
"benchmarks.tex (Table III)","Comparative performance against AES-256-GCM and ChaCha20-Poly1305","Controlled Candidate C round-count trade-off evaluation","OBSOLETE","Update comparative discussion focusing on CA block parameters"
"discussion.tex (Sec VII)","Discussion of KDR-CA-AEAD, 1D Wolfram rules, S-boxes, AEAD IND-CCA2","Trade-off analysis between CA round count R, diffusion, reversibility, and latency","NEEDS UPDATE","Rewrite discussion to focus on 2D Margolus CA round scaling and diffusion"
"future_work.tex (Sec VIII)","SystemVerilog cores for Candidate A-Chain, HKDF sub-key expansion","Hardware acceleration of 2D Margolus partitions, post-quantum hybrid key exchange","NEEDS UPDATE","Update future work to align with 2D Margolus CA block cipher"
"conclusion.tex (Sec IX)","Conclusion summarizing KDR-CA-AEAD, HKDF, HMAC, 13.37 MB/s","Conclusion summarizing SHA-512 + 10-round Candidate C 2D Margolus CA block cipher","OBSOLETE","Rewrite conclusion to summarize final 10-round Candidate C architecture"
"appendix/appendix.tex","Reversibility proof for 1D ECA byte permutation, HKDF domain separation proof","Mathematical proof of loss-less reversibility for 10-round Candidate C 2D Margolus CA","OBSOLETE","Replace 1D byte proof with 2D Margolus CA block reversibility proof"
"supplementary/supplementary.tex","FAIR compliance referencing results/master_results.json and run_phase2_5_reproducibility.py","FAIR compliance referencing step13_final_round_results.csv and test_step14_integration.py","NEEDS UPDATE","Update supplementary references to Step 13/14 experimental scripts and CSVs"
